Bund, @bundestag@social.bund.de  
Bund, @bundesregierung@social.bund.de  
Bund, @hib_nachrichten@social.bund.de  
Bund, @bpb@social.bund.de  
Bund, @bmdv@social.bund.de  
Bund, @bfdi@social.bund.de  
Bund, @Zoll@social.bund.de  
Bund, @Bundessozialgericht@social.bund.de  
Bund, @BayerischerLandtag@social.bund.de  
Bund, @bundesarbeitsgericht@social.bund.de  
Bund, @BVerwG_de@social.bund.de  
Bund, @Netzausbau@social.bund.de  
Bund, @bundesfinanzhof@social.bund.de  
Bund, @GermanyUN@social.bund.de  