Organisationen, @lobbycontrol@bewegung.social  
Organisationen, @fragdenstaat@chaos.social  
Organisationen, @DLR@social.bund.de  
Organisationen, @dlr_next@social.bund.de  
Organisationen, @DS_Stiftung@social.bund.de  
Organisationen, @a_watch@bewegung.social  
Organisationen, @ADFC@mastodon.social  
Organisationen, @OmasgR@digitalcourage.social  
Organisationen, @VCDeV@mstdn.social  
Organisationen, @AufstandLastGen@climatejustice.social  
Organisationen, @fff@chaos.social  
Organisationen, @parents4future@climatejustice.global  
Organisationen, @campact@mastodon.social  
Organisationen, @CCC@social.bau-ha.us  